-- Очистить старые данные
TRUNCATE product_ingredients, product_addons, product_sizes, products, categories RESTART IDENTITY CASCADE;

-- Категории
INSERT INTO categories ("Id", "Name", "SortOrder") OVERRIDING SYSTEM VALUE VALUES
(1, 'Популярное', 0),
(2, 'Пицца',      1),
(3, 'Бургеры',    2),
(4, 'Паста',      3),
(5, 'Салаты',     4),
(6, 'Напитки',    5),
(7, 'Десерты',    6);

-- Продукты с фотками (Unsplash)
INSERT INTO products ("Id","CategoryId","Name","Description","ImageUrl","Price","WeightGrams","Calories","Tags","IsAvailable","SortOrder") OVERRIDING SYSTEM VALUE VALUES
(1, 3, 'Бургер «Мегавкусный»',  'Сочная говяжья котлета на открытом огне, фирменный соус, хрустящий салат и томат',
 'https://images.unsplash.com/photo-1568901346375-23c9450c58cd?w=600&q=80', 390, 280, 620, 'Говядина,Острое', true, 0),
(2, 3, 'Бургер «Классик»',       'Классический бургер с говяжьей котлетой, свежими овощами и горчицей',
 'https://images.unsplash.com/photo-1550317138-10000687a72b?w=600&q=80', 290, 240, 520, 'Говядина', true, 1),
(3, 3, 'Чикен Бургер',           'Сочная куриная котлета, соус барбекю, маринованные огурчики',
 'https://images.unsplash.com/photo-1606755962773-d324e0a13086?w=600&q=80', 320, 260, 540, 'Курица', true, 2),
(4, 2, 'Пицца «Маргарита»',      'Томатный соус, моцарелла, свежие томаты и базилик',
 'https://images.unsplash.com/photo-1574071318508-1cdbab80d002?w=600&q=80', 450, 500, 800, 'Вегетарианское', true, 0),
(5, 2, 'Пицца «Пепперони»',      'Томатный соус, моцарелла, острая пепперони',
 'https://images.unsplash.com/photo-1534308983496-4fabb1a015ee?w=600&q=80', 520, 550, 950, 'Острое', true, 1),
(6, 2, 'Пицца «Четыре сыра»',    'Моцарелла, горгонзола, пармезан, чеддер и сливочный соус',
 'https://images.unsplash.com/photo-1513104890138-7c749659a591?w=600&q=80', 580, 530, 1050, '', true, 2),
(7, 4, 'Паста Карбонара',         'Спагетти, бекон, яичный желток, пармезан, черный перец',
 'https://images.unsplash.com/photo-1612874742237-6526221588e3?w=600&q=80', 420, 320, 720, '', true, 0),
(8, 4, 'Паста Болоньезе',         'Тальятелле с рагу из говядины в томатном соусе',
 'https://images.unsplash.com/photo-1555949258-eb67b1ef0ceb?w=600&q=80', 400, 340, 680, 'Говядина', true, 1),
(9, 5, 'Салат «Цезарь»',          'Романо, куриное филе, крутоны, пармезан, соус Цезарь',
 'https://images.unsplash.com/photo-1546793665-c74683f339c1?w=600&q=80', 320, 250, 380, 'Курица', true, 0),
(10, 5, 'Салат «Греческий»',      'Огурцы, томаты, перец, маслины, фета, оливковое масло',
 'https://images.unsplash.com/photo-1540189549336-e6e99c3679fe?w=600&q=80', 280, 220, 290, 'Вегетарианское', true, 1),
(11, 6, 'Лимонад «Манго-маракуйя»','Свежевыжатый лимонад с манго и маракуйей',
 'https://images.unsplash.com/photo-1621506289937-a8e4df240d0b?w=600&q=80', 180, 350, 120, '', true, 0),
(12, 6, 'Молочный коктейль',       'Нежный молочный коктейль с шариком ванильного мороженого',
 'https://images.unsplash.com/photo-1572490122747-3968b75cc699?w=600&q=80', 220, 400, 350, '', true, 1),
(13, 7, 'Тирамису',                'Классический итальянский десерт с маскарпоне и кофе',
 'https://images.unsplash.com/photo-1571877227200-a0d98ea607e9?w=600&q=80', 290, 150, 420, '', true, 0),
(14, 7, 'Чизкейк «Нью-Йорк»',     'Нежный сливочный чизкейк на песочной основе с ягодным соусом',
 'https://images.unsplash.com/photo-1565958011703-44f9829ba187?w=600&q=80', 310, 160, 450, '', true, 1);

-- Размеры (для бургеров и пицц)
INSERT INTO product_sizes ("Id","ProductId","Label","PriceDelta","WeightGrams","SortOrder") OVERRIDING SYSTEM VALUE VALUES
(1,  1, 'S',     -50,  210, 0), (2,  1, 'M',    0,   280, 1), (3,  1, 'L',    80,  380, 2),
(4,  2, 'S',     -40,  200, 0), (5,  2, 'M',    0,   240, 1), (6,  2, 'L',    60,  320, 2),
(7,  3, 'S',     -30,  210, 0), (8,  3, 'M',    0,   260, 1), (9,  3, 'L',    70,  340, 2),
(10, 4, '25 см', -100, 380, 0), (11, 4, '30 см', 0,  500, 1), (12, 4, '35 см', 150, 680, 2),
(13, 5, '25 см', -100, 400, 0), (14, 5, '30 см', 0,  550, 1), (15, 5, '35 см', 150, 720, 2),
(16, 6, '25 см', -80,  380, 0), (17, 6, '30 см', 0,  530, 1), (18, 6, '35 см', 180, 700, 2);

-- Добавки
INSERT INTO product_addons ("Id","ProductId","Name","Price","SortOrder") OVERRIDING SYSTEM VALUE VALUES
(1,  1, 'Двойной сыр',         60,  0), (2,  1, 'Бекон',               80,  1),
(3,  1, 'Халапеньо',           40,  2), (4,  1, 'Фирменный соус',      30,  3),
(5,  2, 'Двойной сыр',         60,  0), (6,  2, 'Бекон',               80,  1),
(7,  3, 'Соус барбекю',        30,  0), (8,  3, 'Двойной сыр',         60,  1),
(9,  4, 'Дополнительный сыр',  70,  0), (10, 4, 'Пепперони',           90,  1),
(11, 5, 'Дополнительный сыр',  70,  0), (12, 5, 'Острый перец',        40,  1),
(13, 7, 'Дополнительный бекон',80,  0), (14, 7, 'Двойная порция',      120, 1),
(15, 9, 'Дополнительная курица',90, 0), (16, 9, 'Креветки',            110, 1);

-- Ингредиенты (для бургеров — чтобы можно было убирать)
INSERT INTO product_ingredients ("Id","ProductId","Name","SortOrder") OVERRIDING SYSTEM VALUE VALUES
(1, 1, 'Лук',          0), (2, 1, 'Огурец',       1), (3, 1, 'Томат',        2), (4, 1, 'Соус тартар',  3),
(5, 2, 'Лук',          0), (6, 2, 'Горчица',      1), (7, 2, 'Томат',        2),
(8, 3, 'Маринованный огурец', 0), (9, 3, 'Лук',   1), (10, 3, 'Майонез',    2);

-- Сбросить identity-счётчики после явных ID
ALTER TABLE categories          ALTER COLUMN "Id" RESTART WITH 100;
ALTER TABLE products            ALTER COLUMN "Id" RESTART WITH 100;
ALTER TABLE product_sizes       ALTER COLUMN "Id" RESTART WITH 100;
ALTER TABLE product_addons      ALTER COLUMN "Id" RESTART WITH 100;
ALTER TABLE product_ingredients ALTER COLUMN "Id" RESTART WITH 100;
